file,line,type,commit,author,date,time,timezone,datetime,depth,length
style.css,1,css,e70570ea,Zachary Louie,2026-04-03,21:31:03,-07:00,2026-04-03T21:31:03-07:00,0,4
style.css,2,css,e70570ea,Zachary Louie,2026-04-03,21:31:03,-07:00,2026-04-03T21:31:03-07:00,1,43
style.css,3,css,980ba562,Zachary Louie,2026-04-17,16:40:25,-07:00,2026-04-17T16:40:25-07:00,2,42
style.css,4,css,980ba562,Zachary Louie,2026-04-17,16:40:25,-07:00,2026-04-17T16:40:25-07:00,1,0
style.css,5,css,e70570ea,Zachary Louie,2026-04-03,21:31:03,-07:00,2026-04-03T21:31:03-07:00,1,23
style.css,6,css,8d57cb8b,Zachary Louie,2026-04-10,21:37:57,-07:00,2026-04-10T21:37:57-07:00,1,15
style.css,7,css,8d57cb8b,Zachary Louie,2026-04-10,21:37:57,-07:00,2026-04-10T21:37:57-07:00,1,42
style.css,8,css,e70570ea,Zachary Louie,2026-04-03,21:31:03,-07:00,2026-04-03T21:31:03-07:00,0,0
style.css,9,css,980ba562,Zachary Louie,2026-04-17,16:40:25,-07:00,2026-04-17T16:40:25-07:00,0,0
style.css,10,css,e70570ea,Zachary Louie,2026-04-03,21:31:03,-07:00,2026-04-03T21:31:03-07:00,0,3
style.css,11,css,e70570ea,Zachary Louie,2026-04-03,21:31:03,-07:00,2026-04-03T21:31:03-07:00,1,14
style.css,12,css,e70570ea,Zachary Louie,2026-04-03,21:31:03,-07:00,2026-04-03T21:31:03-07:00,1,11
style.css,13,css,214addb9,Zachary Louie,2026-04-10,21:44:12,-07:00,2026-04-10T21:44:12-07:00,0,0
style.css,14,css,214addb9,Zachary Louie,2026-04-10,21:44:12,-07:00,2026-04-10T21:44:12-07:00,0,0
style.css,15,css,214addb9,Zachary Louie,2026-04-10,21:44:12,-07:00,2026-04-10T21:44:12-07:00,0,5
style.css,16,css,980ba562,Zachary Louie,2026-04-17,16:40:25,-07:00,2026-04-17T16:40:25-07:00,1,23
style.css,17,css,214addb9,Zachary Louie,2026-04-10,21:44:12,-07:00,2026-04-10T21:44:12-07:00,1,31
style.css,18,css,214addb9,Zachary Louie,2026-04-10,21:44:12,-07:00,2026-04-10T21:44:12-07:00,1,32
style.css,19,css,214addb9,Zachary Louie,2026-04-10,21:44:12,-07:00,2026-04-10T21:44:12-07:00,0,0
style.css,20,css,214addb9,Zachary Louie,2026-04-10,21:44:12,-07:00,2026-04-10T21:44:12-07:00,0,0
style.css,21,css,214addb9,Zachary Louie,2026-04-10,21:44:12,-07:00,2026-04-10T21:44:12-07:00,0,3
style.css,22,css,980ba562,Zachary Louie,2026-04-17,16:40:25,-07:00,2026-04-17T16:40:25-07:00,1,39
style.css,23,css,214addb9,Zachary Louie,2026-04-10,21:44:12,-07:00,2026-04-10T21:44:12-07:00,1,12
style.css,24,css,214addb9,Zachary Louie,2026-04-10,21:44:12,-07:00,2026-04-10T21:44:12-07:00,1,17
style.css,25,css,980ba562,Zachary Louie,2026-04-17,16:40:25,-07:00,2026-04-17T16:40:25-07:00,1,43
style.css,26,css,214addb9,Zachary Louie,2026-04-10,21:44:12,-07:00,2026-04-10T21:44:12-07:00,0,0
style.css,27,css,214addb9,Zachary Louie,2026-04-10,21:44:12,-07:00,2026-04-10T21:44:12-07:00,0,0
style.css,28,css,214addb9,Zachary Louie,2026-04-10,21:44:12,-07:00,2026-04-10T21:44:12-07:00,0,5
style.css,29,css,214addb9,Zachary Louie,2026-04-10,21:44:12,-07:00,2026-04-10T21:44:12-07:00,1,6
style.css,30,css,214addb9,Zachary Louie,2026-04-10,21:44:12,-07:00,2026-04-10T21:44:12-07:00,1,20
style.css,31,css,214addb9,Zachary Louie,2026-04-10,21:44:12,-07:00,2026-04-10T21:44:12-07:00,1,13
style.css,32,css,214addb9,Zachary Louie,2026-04-10,21:44:12,-07:00,2026-04-10T21:44:12-07:00,1,17
style.css,33,css,214addb9,Zachary Louie,2026-04-10,21:44:12,-07:00,2026-04-10T21:44:12-07:00,1,13
style.css,34,css,214addb9,Zachary Louie,2026-04-10,21:44:12,-07:00,2026-04-10T21:44:12-07:00,0,0
style.css,35,css,214addb9,Zachary Louie,2026-04-10,21:44:12,-07:00,2026-04-10T21:44:12-07:00,0,0
style.css,36,css,214addb9,Zachary Louie,2026-04-10,21:44:12,-07:00,2026-04-10T21:44:12-07:00,0,13
style.css,37,css,980ba562,Zachary Louie,2026-04-17,16:40:25,-07:00,2026-04-17T16:40:25-07:00,1,45
style.css,38,css,214addb9,Zachary Louie,2026-04-10,21:44:12,-07:00,2026-04-10T21:44:12-07:00,1,20
style.css,39,css,214addb9,Zachary Louie,2026-04-10,21:44:12,-07:00,2026-04-10T21:44:12-07:00,0,0
style.css,40,css,214addb9,Zachary Louie,2026-04-10,21:44:12,-07:00,2026-04-10T21:44:12-07:00,0,0
style.css,41,css,214addb9,Zachary Louie,2026-04-10,21:44:12,-07:00,2026-04-10T21:44:12-07:00,0,11
style.css,42,css,214addb9,Zachary Louie,2026-04-10,21:44:12,-07:00,2026-04-10T21:44:12-07:00,1,45
style.css,43,css,980ba562,Zachary Louie,2026-04-17,16:40:25,-07:00,2026-04-17T16:40:25-07:00,1,69
style.css,44,css,01941420,Zachary Louie,2026-04-10,21:53:43,-07:00,2026-04-10T21:53:43-07:00,0,0
style.css,45,css,01941420,Zachary Louie,2026-04-10,21:53:43,-07:00,2026-04-10T21:53:43-07:00,0,0
style.css,46,css,980ba562,Zachary Louie,2026-04-17,16:40:25,-07:00,2026-04-17T16:40:25-07:00,0,16
style.css,47,css,01941420,Zachary Louie,2026-04-10,21:53:43,-07:00,2026-04-10T21:53:43-07:00,0,4
style.css,48,css,01941420,Zachary Louie,2026-04-10,21:53:43,-07:00,2026-04-10T21:53:43-07:00,1,12
style.css,49,css,01941420,Zachary Louie,2026-04-10,21:53:43,-07:00,2026-04-10T21:53:43-07:00,1,30
style.css,50,css,01941420,Zachary Louie,2026-04-10,21:53:43,-07:00,2026-04-10T21:53:43-07:00,1,7
style.css,51,css,01941420,Zachary Louie,2026-04-10,21:53:43,-07:00,2026-04-10T21:53:43-07:00,0,0
style.css,52,css,01941420,Zachary Louie,2026-04-10,21:53:43,-07:00,2026-04-10T21:53:43-07:00,0,0
style.css,53,css,01941420,Zachary Louie,2026-04-10,21:53:43,-07:00,2026-04-10T21:53:43-07:00,0,10
style.css,54,css,01941420,Zachary Louie,2026-04-10,21:53:43,-07:00,2026-04-10T21:53:43-07:00,1,12
style.css,55,css,01941420,Zachary Louie,2026-04-10,21:53:43,-07:00,2026-04-10T21:53:43-07:00,1,29
style.css,56,css,01941420,Zachary Louie,2026-04-10,21:53:43,-07:00,2026-04-10T21:53:43-07:00,1,18
style.css,57,css,01941420,Zachary Louie,2026-04-10,21:53:43,-07:00,2026-04-10T21:53:43-07:00,0,0
style.css,58,css,01941420,Zachary Louie,2026-04-10,21:53:43,-07:00,2026-04-10T21:53:43-07:00,0,0
style.css,59,css,01941420,Zachary Louie,2026-04-10,21:53:43,-07:00,2026-04-10T21:53:43-07:00,0,9
style.css,60,css,01941420,Zachary Louie,2026-04-10,21:53:43,-07:00,2026-04-10T21:53:43-07:00,0,12
style.css,61,css,980ba562,Zachary Louie,2026-04-17,16:40:25,-07:00,2026-04-17T16:40:25-07:00,0,10
style.css,62,css,980ba562,Zachary Louie,2026-04-17,16:40:25,-07:00,2026-04-17T16:40:25-07:00,0,6
style.css,63,css,01941420,Zachary Louie,2026-04-10,21:53:43,-07:00,2026-04-10T21:53:43-07:00,1,12
style.css,64,css,01941420,Zachary Louie,2026-04-10,21:53:43,-07:00,2026-04-10T21:53:43-07:00,1,21
style.css,65,css,01941420,Zachary Louie,2026-04-10,21:53:43,-07:00,2026-04-10T21:53:43-07:00,1,10
style.css,66,css,01941420,Zachary Louie,2026-04-10,21:53:43,-07:00,2026-04-10T21:53:43-07:00,0,0
style.css,67,css,01941420,Zachary Louie,2026-04-10,21:53:43,-07:00,2026-04-10T21:53:43-07:00,0,0
style.css,68,css,01941420,Zachary Louie,2026-04-10,21:53:43,-07:00,2026-04-10T21:53:43-07:00,0,11
style.css,69,css,01941420,Zachary Louie,2026-04-10,21:53:43,-07:00,2026-04-10T21:53:43-07:00,1,18
style.css,70,css,9d6a6a4d,Zachary Louie,2026-04-10,22:07:12,-07:00,2026-04-10T22:07:12-07:00,0,0
style.css,71,css,9d6a6a4d,Zachary Louie,2026-04-10,22:07:12,-07:00,2026-04-10T22:07:12-07:00,0,0
style.css,72,css,980ba562,Zachary Louie,2026-04-17,16:40:25,-07:00,2026-04-17T16:40:25-07:00,0,17
style.css,73,css,9d6a6a4d,Zachary Louie,2026-04-10,22:07:12,-07:00,2026-04-10T22:07:12-07:00,0,9
style.css,74,css,9d6a6a4d,Zachary Louie,2026-04-10,22:07:12,-07:00,2026-04-10T22:07:12-07:00,1,12
style.css,75,css,9d6a6a4d,Zachary Louie,2026-04-10,22:07:12,-07:00,2026-04-10T22:07:12-07:00,1,58
style.css,76,css,9d6a6a4d,Zachary Louie,2026-04-10,22:07:12,-07:00,2026-04-10T22:07:12-07:00,1,7
style.css,77,css,9d6a6a4d,Zachary Louie,2026-04-10,22:07:12,-07:00,2026-04-10T22:07:12-07:00,1,8
style.css,78,css,9d6a6a4d,Zachary Louie,2026-04-10,22:07:12,-07:00,2026-04-10T22:07:12-07:00,0,0
style.css,79,css,9d6a6a4d,Zachary Louie,2026-04-10,22:07:12,-07:00,2026-04-10T22:07:12-07:00,0,0
style.css,80,css,9d6a6a4d,Zachary Louie,2026-04-10,22:07:12,-07:00,2026-04-10T22:07:12-07:00,0,17
style.css,81,css,9d6a6a4d,Zachary Louie,2026-04-10,22:07:12,-07:00,2026-04-10T22:07:12-07:00,1,12
style.css,82,css,9d6a6a4d,Zachary Louie,2026-04-10,22:07:12,-07:00,2026-04-10T22:07:12-07:00,1,26
style.css,83,css,9d6a6a4d,Zachary Louie,2026-04-10,22:07:12,-07:00,2026-04-10T22:07:12-07:00,1,15
style.css,84,css,9d6a6a4d,Zachary Louie,2026-04-10,22:07:12,-07:00,2026-04-10T22:07:12-07:00,0,0
style.css,85,css,9d6a6a4d,Zachary Louie,2026-04-10,22:07:12,-07:00,2026-04-10T22:07:12-07:00,0,0
style.css,86,css,9d6a6a4d,Zachary Louie,2026-04-10,22:07:12,-07:00,2026-04-10T22:07:12-07:00,0,20
style.css,87,css,9d6a6a4d,Zachary Louie,2026-04-10,22:07:12,-07:00,2026-04-10T22:07:12-07:00,1,8
style.css,88,css,7e79ad39,Zachary Louie,2026-04-10,22:12:16,-07:00,2026-04-10T22:12:16-07:00,0,0
style.css,89,css,7e79ad39,Zachary Louie,2026-04-10,22:12:16,-07:00,2026-04-10T22:12:16-07:00,0,0
style.css,90,css,980ba562,Zachary Louie,2026-04-17,16:40:25,-07:00,2026-04-17T16:40:25-07:00,0,12
style.css,91,css,7e79ad39,Zachary Louie,2026-04-10,22:12:16,-07:00,2026-04-10T22:12:16-07:00,0,2
style.css,92,css,7e79ad39,Zachary Louie,2026-04-10,22:12:16,-07:00,2026-04-10T22:12:16-07:00,1,14
style.css,93,css,7e79ad39,Zachary Louie,2026-04-10,22:12:16,-07:00,2026-04-10T22:12:16-07:00,0,0
style.css,94,css,7e79ad39,Zachary Louie,2026-04-10,22:12:16,-07:00,2026-04-10T22:12:16-07:00,0,0
style.css,95,css,7e79ad39,Zachary Louie,2026-04-10,22:12:16,-07:00,2026-04-10T22:12:16-07:00,0,22
style.css,96,css,7e79ad39,Zachary Louie,2026-04-10,22:12:16,-07:00,2026-04-10T22:12:16-07:00,1,15
style.css,97,css,7e79ad39,Zachary Louie,2026-04-10,22:12:16,-07:00,2026-04-10T22:12:16-07:00,1,17
style.css,98,css,7e79ad39,Zachary Louie,2026-04-10,22:12:16,-07:00,2026-04-10T22:12:16-07:00,0,0
style.css,99,css,7e79ad39,Zachary Louie,2026-04-10,22:12:16,-07:00,2026-04-10T22:12:16-07:00,0,0
style.css,100,css,980ba562,Zachary Louie,2026-04-17,16:40:25,-07:00,2026-04-17T16:40:25-07:00,0,11
style.css,101,css,7e79ad39,Zachary Louie,2026-04-10,22:12:16,-07:00,2026-04-10T22:12:16-07:00,0,11
style.css,102,css,7e79ad39,Zachary Louie,2026-04-10,22:12:16,-07:00,2026-04-10T22:12:16-07:00,1,41
style.css,103,css,7e79ad39,Zachary Louie,2026-04-10,22:12:16,-07:00,2026-04-10T22:12:16-07:00,1,17
style.css,104,css,7e79ad39,Zachary Louie,2026-04-10,22:12:16,-07:00,2026-04-10T22:12:16-07:00,1,18
style.css,105,css,7e79ad39,Zachary Louie,2026-04-10,22:12:16,-07:00,2026-04-10T22:12:16-07:00,0,0
style.css,106,css,7e79ad39,Zachary Louie,2026-04-10,22:12:16,-07:00,2026-04-10T22:12:16-07:00,0,0
style.css,107,css,7e79ad39,Zachary Louie,2026-04-10,22:12:16,-07:00,2026-04-10T22:12:16-07:00,0,6
style.css,108,css,7e79ad39,Zachary Louie,2026-04-10,22:12:16,-07:00,2026-04-10T22:12:16-07:00,1,25
style.css,109,css,7e79ad39,Zachary Louie,2026-04-10,22:12:16,-07:00,2026-04-10T22:12:16-07:00,0,0
style.css,110,css,7e79ad39,Zachary Louie,2026-04-10,22:12:16,-07:00,2026-04-10T22:12:16-07:00,0,0
style.css,111,css,7e79ad39,Zachary Louie,2026-04-10,22:12:16,-07:00,2026-04-10T22:12:16-07:00,0,11
style.css,112,css,7e79ad39,Zachary Louie,2026-04-10,22:12:16,-07:00,2026-04-10T22:12:16-07:00,1,17
style.css,113,css,7e79ad39,Zachary Louie,2026-04-10,22:12:16,-07:00,2026-04-10T22:12:16-07:00,0,0
style.css,114,css,7e79ad39,Zachary Louie,2026-04-10,22:12:16,-07:00,2026-04-10T22:12:16-07:00,0,0
style.css,115,css,7e79ad39,Zachary Louie,2026-04-10,22:12:16,-07:00,2026-04-10T22:12:16-07:00,0,8
style.css,116,css,7e79ad39,Zachary Louie,2026-04-10,22:12:16,-07:00,2026-04-10T22:12:16-07:00,1,23
style.css,117,css,7e79ad39,Zachary Louie,2026-04-10,22:12:16,-07:00,2026-04-10T22:12:16-07:00,1,15
style.css,118,css,cec52051,Zachary Louie,2026-04-17,16:21:45,-07:00,2026-04-17T16:21:45-07:00,0,0
style.css,119,css,cec52051,Zachary Louie,2026-04-17,16:21:45,-07:00,2026-04-17T16:21:45-07:00,0,0
style.css,120,css,980ba562,Zachary Louie,2026-04-17,16:40:25,-07:00,2026-04-17T16:40:25-07:00,0,25
style.css,121,css,fe6d2ef5,Zachary Louie,2026-04-17,16:27:13,-07:00,2026-04-17T16:27:13-07:00,0,13
style.css,122,css,fe6d2ef5,Zachary Louie,2026-04-17,16:27:13,-07:00,2026-04-17T16:27:13-07:00,1,17
style.css,123,css,fe6d2ef5,Zachary Louie,2026-04-17,16:27:13,-07:00,2026-04-17T16:27:13-07:00,1,7
style.css,124,css,fe6d2ef5,Zachary Louie,2026-04-17,16:27:13,-07:00,2026-04-17T16:27:13-07:00,1,9
style.css,125,css,fe6d2ef5,Zachary Louie,2026-04-17,16:27:13,-07:00,2026-04-17T16:27:13-07:00,1,13
style.css,126,css,69bed88b,Zachary Louie,2026-04-24,23:24:29,-07:00,2026-04-24T23:24:29-07:00,0,0
style.css,127,css,69bed88b,Zachary Louie,2026-04-24,23:24:29,-07:00,2026-04-24T23:24:29-07:00,0,0
style.css,128,css,69bed88b,Zachary Louie,2026-04-24,23:24:29,-07:00,2026-04-24T23:24:29-07:00,0,23
style.css,129,css,69bed88b,Zachary Louie,2026-04-24,23:24:29,-07:00,2026-04-24T23:24:29-07:00,0,17
style.css,130,css,69bed88b,Zachary Louie,2026-04-24,23:24:29,-07:00,2026-04-24T23:24:29-07:00,1,12
style.css,131,css,69bed88b,Zachary Louie,2026-04-24,23:24:29,-07:00,2026-04-24T23:24:29-07:00,1,36
style.css,132,css,69bed88b,Zachary Louie,2026-04-24,23:24:29,-07:00,2026-04-24T23:24:29-07:00,0,0
style.css,133,css,69bed88b,Zachary Louie,2026-04-24,23:24:29,-07:00,2026-04-24T23:24:29-07:00,0,0
style.css,134,css,69bed88b,Zachary Louie,2026-04-24,23:24:29,-07:00,2026-04-24T23:24:29-07:00,0,17
style.css,135,css,69bed88b,Zachary Louie,2026-04-24,23:24:29,-07:00,2026-04-24T23:24:29-07:00,1,10
style.css,136,css,69bed88b,Zachary Louie,2026-04-24,23:24:29,-07:00,2026-04-24T23:24:29-07:00,0,0
style.css,137,css,69bed88b,Zachary Louie,2026-04-24,23:24:29,-07:00,2026-04-24T23:24:29-07:00,0,0
style.css,138,css,69bed88b,Zachary Louie,2026-04-24,23:24:29,-07:00,2026-04-24T23:24:29-07:00,0,17
style.css,139,css,69bed88b,Zachary Louie,2026-04-24,23:24:29,-07:00,2026-04-24T23:24:29-07:00,1,10
style.css,140,css,a385c84f,Zachary Louie,2026-05-02,23:20:03,-07:00,2026-05-02T23:20:03-07:00,0,0
style.css,141,css,a385c84f,Zachary Louie,2026-05-02,23:20:03,-07:00,2026-05-02T23:20:03-07:00,0,0
style.css,142,css,a385c84f,Zachary Louie,2026-05-02,23:20:03,-07:00,2026-05-02T23:20:03-07:00,0,18
style.css,143,css,a385c84f,Zachary Louie,2026-05-02,23:20:03,-07:00,2026-05-02T23:20:03-07:00,1,14
style.css,144,css,a385c84f,Zachary Louie,2026-05-02,23:20:03,-07:00,2026-05-02T23:20:03-07:00,1,16
style.css,145,css,a385c84f,Zachary Louie,2026-05-02,23:20:03,-07:00,2026-05-02T23:20:03-07:00,1,16
style.css,146,css,3c39b454,Zachary Louie,2026-05-02,23:29:19,-07:00,2026-05-02T23:29:19-07:00,0,0
style.css,147,css,3c39b454,Zachary Louie,2026-05-02,23:29:19,-07:00,2026-05-02T23:29:19-07:00,0,0
style.css,148,css,3c39b454,Zachary Louie,2026-05-02,23:29:19,-07:00,2026-05-02T23:29:19-07:00,0,35
style.css,149,css,3c39b454,Zachary Louie,2026-05-02,23:29:19,-07:00,2026-05-02T23:29:19-07:00,0,10
style.css,150,css,3c39b454,Zachary Louie,2026-05-02,23:29:19,-07:00,2026-05-02T23:29:19-07:00,1,12
style.css,151,css,3c39b454,Zachary Louie,2026-05-02,23:29:19,-07:00,2026-05-02T23:29:19-07:00,1,18
style.css,152,css,3c39b454,Zachary Louie,2026-05-02,23:29:19,-07:00,2026-05-02T23:29:19-07:00,1,7
style.css,153,css,3c39b454,Zachary Louie,2026-05-02,23:29:19,-07:00,2026-05-02T23:29:19-07:00,0,0
style.css,154,css,3c39b454,Zachary Louie,2026-05-02,23:29:19,-07:00,2026-05-02T23:29:19-07:00,0,0
style.css,155,css,3c39b454,Zachary Louie,2026-05-02,23:29:19,-07:00,2026-05-02T23:29:19-07:00,0,7
style.css,156,css,3c39b454,Zachary Louie,2026-05-02,23:29:19,-07:00,2026-05-02T23:29:19-07:00,1,12
style.css,157,css,3c39b454,Zachary Louie,2026-05-02,23:29:19,-07:00,2026-05-02T23:29:19-07:00,1,57
style.css,158,css,3c39b454,Zachary Louie,2026-05-02,23:29:19,-07:00,2026-05-02T23:29:19-07:00,1,7
style.css,159,css,3c39b454,Zachary Louie,2026-05-02,23:29:19,-07:00,2026-05-02T23:29:19-07:00,1,11
style.css,160,css,3c39b454,Zachary Louie,2026-05-02,23:29:19,-07:00,2026-05-02T23:29:19-07:00,1,12
style.css,161,css,3c39b454,Zachary Louie,2026-05-02,23:29:19,-07:00,2026-05-02T23:29:19-07:00,1,21
style.css,162,css,3c39b454,Zachary Louie,2026-05-02,23:29:19,-07:00,2026-05-02T23:29:19-07:00,1,6
style.css,163,css,3c39b454,Zachary Louie,2026-05-02,23:29:19,-07:00,2026-05-02T23:29:19-07:00,1,15
style.css,164,css,3c39b454,Zachary Louie,2026-05-02,23:29:19,-07:00,2026-05-02T23:29:19-07:00,0,0
style.css,165,css,3c39b454,Zachary Louie,2026-05-02,23:29:19,-07:00,2026-05-02T23:29:19-07:00,0,0
style.css,166,css,3c39b454,Zachary Louie,2026-05-02,23:29:19,-07:00,2026-05-02T23:29:19-07:00,0,12
style.css,167,css,3c39b454,Zachary Louie,2026-05-02,23:29:19,-07:00,2026-05-02T23:29:19-07:00,1,12
style.css,168,css,3c39b454,Zachary Louie,2026-05-02,23:29:19,-07:00,2026-05-02T23:29:19-07:00,1,18
style.css,169,css,3c39b454,Zachary Louie,2026-05-02,23:29:19,-07:00,2026-05-02T23:29:19-07:00,1,9
style.css,170,css,3c39b454,Zachary Louie,2026-05-02,23:29:19,-07:00,2026-05-02T23:29:19-07:00,0,0
style.css,171,css,3c39b454,Zachary Louie,2026-05-02,23:29:19,-07:00,2026-05-02T23:29:19-07:00,0,0
style.css,172,css,3c39b454,Zachary Louie,2026-05-02,23:29:19,-07:00,2026-05-02T23:29:19-07:00,0,7
style.css,173,css,3c39b454,Zachary Louie,2026-05-02,23:29:19,-07:00,2026-05-02T23:29:19-07:00,1,20
style.css,174,css,3c39b454,Zachary Louie,2026-05-02,23:29:19,-07:00,2026-05-02T23:29:19-07:00,1,9
style.css,175,css,3c39b454,Zachary Louie,2026-05-02,23:29:19,-07:00,2026-05-02T23:29:19-07:00,1,18
style.css,176,css,3c39b454,Zachary Louie,2026-05-02,23:29:19,-07:00,2026-05-02T23:29:19-07:00,1,29
style.css,177,css,3c39b454,Zachary Louie,2026-05-02,23:29:19,-07:00,2026-05-02T23:29:19-07:00,1,17
style.css,178,css,65bd07c6,Zachary Louie,2026-05-02,23:42:25,-07:00,2026-05-02T23:42:25-07:00,0,0
style.css,179,css,65bd07c6,Zachary Louie,2026-05-02,23:42:25,-07:00,2026-05-02T23:42:25-07:00,0,0
style.css,180,css,65bd07c6,Zachary Louie,2026-05-02,23:42:25,-07:00,2026-05-02T23:42:25-07:00,0,10
style.css,181,css,65bd07c6,Zachary Louie,2026-05-02,23:42:25,-07:00,2026-05-02T23:42:25-07:00,1,10
style.css,182,css,65bd07c6,Zachary Louie,2026-05-02,23:42:25,-07:00,2026-05-02T23:42:25-07:00,1,17
style.css,183,css,65bd07c6,Zachary Louie,2026-05-02,23:42:25,-07:00,2026-05-02T23:42:25-07:00,1,21
style.css,184,css,65bd07c6,Zachary Louie,2026-05-02,23:42:25,-07:00,2026-05-02T23:42:25-07:00,1,17
style.css,185,css,65bd07c6,Zachary Louie,2026-05-02,23:42:25,-07:00,2026-05-02T23:42:25-07:00,1,14
style.css,186,css,65bd07c6,Zachary Louie,2026-05-02,23:42:25,-07:00,2026-05-02T23:42:25-07:00,1,21
style.css,187,css,65bd07c6,Zachary Louie,2026-05-02,23:42:25,-07:00,2026-05-02T23:42:25-07:00,1,16
style.css,188,css,a7b9c198,Zachary Louie,2026-05-02,23:47:34,-07:00,2026-05-02T23:47:34-07:00,0,0
style.css,189,css,a7b9c198,Zachary Louie,2026-05-02,23:47:34,-07:00,2026-05-02T23:47:34-07:00,0,0
style.css,190,css,a7b9c198,Zachary Louie,2026-05-02,23:47:34,-07:00,2026-05-02T23:47:34-07:00,0,18
style.css,191,css,a7b9c198,Zachary Louie,2026-05-02,23:47:34,-07:00,2026-05-02T23:47:34-07:00,1,14
style.css,192,css,a7b9c198,Zachary Louie,2026-05-02,23:47:34,-07:00,2026-05-02T23:47:34-07:00,1,16
style.css,193,css,a7b9c198,Zachary Louie,2026-05-02,23:47:34,-07:00,2026-05-02T23:47:34-07:00,1,16
style.css,194,css,a7b9c198,Zachary Louie,2026-05-02,23:47:34,-07:00,2026-05-02T23:47:34-07:00,0,0
style.css,195,css,a7b9c198,Zachary Louie,2026-05-02,23:47:34,-07:00,2026-05-02T23:47:34-07:00,0,0
style.css,196,css,a7b9c198,Zachary Louie,2026-05-02,23:47:34,-07:00,2026-05-02T23:47:34-07:00,0,23
style.css,197,css,a7b9c198,Zachary Louie,2026-05-02,23:47:34,-07:00,2026-05-02T23:47:34-07:00,1,16
style.css,198,css,a7b9c198,Zachary Louie,2026-05-02,23:47:34,-07:00,2026-05-02T23:47:34-07:00,1,14
style.css,199,css,a7b9c198,Zachary Louie,2026-05-02,23:47:34,-07:00,2026-05-02T23:47:34-07:00,0,0
style.css,200,css,a7b9c198,Zachary Louie,2026-05-02,23:47:34,-07:00,2026-05-02T23:47:34-07:00,0,0
style.css,201,css,a7b9c198,Zachary Louie,2026-05-02,23:47:34,-07:00,2026-05-02T23:47:34-07:00,0,51
style.css,202,css,a7b9c198,Zachary Louie,2026-05-02,23:47:34,-07:00,2026-05-02T23:47:34-07:00,1,11
style.css,203,css,a7b9c198,Zachary Louie,2026-05-02,23:47:34,-07:00,2026-05-02T23:47:34-07:00,0,0
style.css,204,css,a7b9c198,Zachary Louie,2026-05-02,23:47:34,-07:00,2026-05-02T23:47:34-07:00,0,0
style.css,205,css,a7b9c198,Zachary Louie,2026-05-02,23:47:34,-07:00,2026-05-02T23:47:34-07:00,0,9
style.css,206,css,a7b9c198,Zachary Louie,2026-05-02,23:47:34,-07:00,2026-05-02T23:47:34-07:00,1,35
style.css,207,css,a7b9c198,Zachary Louie,2026-05-02,23:47:34,-07:00,2026-05-02T23:47:34-07:00,0,0
style.css,208,css,a7b9c198,Zachary Louie,2026-05-02,23:47:34,-07:00,2026-05-02T23:47:34-07:00,0,0
style.css,209,css,a7b9c198,Zachary Louie,2026-05-02,23:47:34,-07:00,2026-05-02T23:47:34-07:00,0,18
style.css,210,css,a7b9c198,Zachary Louie,2026-05-02,23:47:34,-07:00,2026-05-02T23:47:34-07:00,1,17
style.css,211,css,e70570ea,Zachary Louie,2026-04-03,21:31:03,-07:00,2026-04-03T21:31:03-07:00,0,0
index.js,1,js,69bed88b,Zachary Louie,2026-04-24,23:24:29,-07:00,2026-04-24T23:24:29-07:00,0,71
index.js,2,js,e1d2f632,Zachary Louie,2026-04-24,23:05:23,-07:00,2026-04-24T23:05:23-07:00,0,0
index.js,3,js,e1d2f632,Zachary Louie,2026-04-24,23:05:23,-07:00,2026-04-24T23:05:23-07:00,0,54
index.js,4,js,e1d2f632,Zachary Louie,2026-04-24,23:05:23,-07:00,2026-04-24T23:05:23-07:00,0,42
index.js,5,js,e1d2f632,Zachary Louie,2026-04-24,23:05:23,-07:00,2026-04-24T23:05:23-07:00,0,0
index.js,6,js,e1d2f632,Zachary Louie,2026-04-24,23:05:23,-07:00,2026-04-24T23:05:23-07:00,0,60
index.js,7,js,69bed88b,Zachary Louie,2026-04-24,23:24:29,-07:00,2026-04-24T23:24:29-07:00,0,54
index.js,8,js,e1d2f632,Zachary Louie,2026-04-24,23:05:23,-07:00,2026-04-24T23:05:23-07:00,0,0
index.js,9,js,69bed88b,Zachary Louie,2026-04-24,23:24:29,-07:00,2026-04-24T23:24:29-07:00,0,49
index.js,10,js,69bed88b,Zachary Louie,2026-04-24,23:24:29,-07:00,2026-04-24T23:24:29-07:00,0,22
index.js,11,js,69bed88b,Zachary Louie,2026-04-24,23:24:29,-07:00,2026-04-24T23:24:29-07:00,0,0
index.js,12,js,69bed88b,Zachary Louie,2026-04-24,23:24:29,-07:00,2026-04-24T23:24:29-07:00,0,60
index.js,13,js,69bed88b,Zachary Louie,2026-04-24,23:24:29,-07:00,2026-04-24T23:24:29-07:00,0,0
index.js,14,js,69bed88b,Zachary Louie,2026-04-24,23:24:29,-07:00,2026-04-24T23:24:29-07:00,0,17
index.js,15,js,69bed88b,Zachary Louie,2026-04-24,23:24:29,-07:00,2026-04-24T23:24:29-07:00,1,24
index.js,16,js,69bed88b,Zachary Louie,2026-04-24,23:24:29,-07:00,2026-04-24T23:24:29-07:00,2,2
index.js,17,js,69bed88b,Zachary Louie,2026-04-24,23:24:29,-07:00,2026-04-24T23:24:29-07:00,3,55
index.js,18,js,69bed88b,Zachary Louie,2026-04-24,23:24:29,-07:00,2026-04-24T23:24:29-07:00,3,55
index.js,19,js,69bed88b,Zachary Louie,2026-04-24,23:24:29,-07:00,2026-04-24T23:24:29-07:00,3,49
index.js,20,js,69bed88b,Zachary Louie,2026-04-24,23:24:29,-07:00,2026-04-24T23:24:29-07:00,3,49
index.js,21,js,69bed88b,Zachary Louie,2026-04-24,23:24:29,-07:00,2026-04-24T23:24:29-07:00,2,3
index.js,22,js,69bed88b,Zachary Louie,2026-04-24,23:24:29,-07:00,2026-04-24T23:24:29-07:00,1,0
index.js,23,js,69bed88b,Zachary Louie,2026-04-24,23:24:29,-07:00,2026-04-24T23:24:29-07:00,0,0
index.html,1,html,51c1404,Zachary Louie,2026-04-03,20:05:25,-07:00,2026-04-03T20:05:25-07:00,0,13
index.html,2,html,51c1404,Zachary Louie,2026-04-03,20:05:25,-07:00,2026-04-03T20:05:25-07:00,0,14
index.html,3,html,e70570ea,Zachary Louie,2026-04-03,21:31:03,-07:00,2026-04-03T21:31:03-07:00,0,5
index.html,4,html,51c1404,Zachary Louie,2026-04-03,20:05:25,-07:00,2026-04-03T20:05:25-07:00,2,20
index.html,5,html,51c1404,Zachary Louie,2026-04-03,20:05:25,-07:00,2026-04-03T20:05:25-07:00,2,68
index.html,6,html,51c1404,Zachary Louie,2026-04-03,20:05:25,-07:00,2026-04-03T20:05:25-07:00,2,55
index.html,7,html,e70570ea,Zachary Louie,2026-04-03,21:31:03,-07:00,2026-04-03T21:31:03-07:00,2,38
index.html,8,html,754975d3,Zachary Louie,2026-04-17,16:09:19,-07:00,2026-04-17T16:09:19-07:00,2,45
index.html,9,html,e1d2f632,Zachary Louie,2026-04-24,23:05:23,-07:00,2026-04-24T23:05:23-07:00,2,50
index.html,10,html,51c1404,Zachary Louie,2026-04-03,20:05:25,-07:00,2026-04-03T20:05:25-07:00,0,5
index.html,11,html,51c1404,Zachary Louie,2026-04-03,20:05:25,-07:00,2026-04-03T20:05:25-07:00,0,4
index.html,12,html,51c1404,Zachary Louie,2026-04-03,20:05:25,-07:00,2026-04-03T20:05:25-07:00,2,20
index.html,13,html,814ae320,Zachary Louie,2026-04-03,22:44:17,-07:00,2026-04-03T22:44:17-07:00,2,160
index.html,14,html,e70570ea,Zachary Louie,2026-04-03,21:31:03,-07:00,2026-04-03T21:31:03-07:00,2,34
index.html,15,html,e1d2f632,Zachary Louie,2026-04-24,23:05:23,-07:00,2026-04-24T23:05:23-07:00,0,0
index.html,16,html,e1d2f632,Zachary Louie,2026-04-24,23:05:23,-07:00,2026-04-24T23:05:23-07:00,2,22
index.html,17,html,e1d2f632,Zachary Louie,2026-04-24,23:05:23,-07:00,2026-04-24T23:05:23-07:00,2,20
index.html,18,html,e1d2f632,Zachary Louie,2026-04-24,23:05:23,-07:00,2026-04-24T23:05:23-07:00,2,4
index.html,19,html,69bed88b,Zachary Louie,2026-04-24,23:24:29,-07:00,2026-04-24T23:24:29-07:00,2,19
index.html,20,html,69bed88b,Zachary Louie,2026-04-24,23:24:29,-07:00,2026-04-24T23:24:29-07:00,2,28
index.html,21,html,51c1404,Zachary Louie,2026-04-03,20:05:25,-07:00,2026-04-03T20:05:25-07:00,0,5
index.html,22,html,51c1404,Zachary Louie,2026-04-03,20:05:25,-07:00,2026-04-03T20:05:25-07:00,0,5
global.js,1,js,980ba562,Zachary Louie,2026-04-17,16:40:25,-07:00,2026-04-17T16:40:25-07:00,0,25
global.js,2,js,754975d3,Zachary Louie,2026-04-17,16:09:19,-07:00,2026-04-17T16:09:19-07:00,0,0
global.js,3,js,754975d3,Zachary Louie,2026-04-17,16:09:19,-07:00,2026-04-17T16:09:19-07:00,0,41
global.js,4,js,754975d3,Zachary Louie,2026-04-17,16:09:19,-07:00,2026-04-17T16:09:19-07:00,1,52
global.js,5,js,754975d3,Zachary Louie,2026-04-17,16:09:19,-07:00,2026-04-17T16:09:19-07:00,0,0
global.js,6,js,754975d3,Zachary Louie,2026-04-17,16:09:19,-07:00,2026-04-17T16:09:19-07:00,0,0
global.js,7,js,754975d3,Zachary Louie,2026-04-17,16:09:19,-07:00,2026-04-17T16:09:19-07:00,0,88
global.js,8,js,754975d3,Zachary Louie,2026-04-17,16:09:19,-07:00,2026-04-17T16:09:19-07:00,1,13
global.js,9,js,754975d3,Zachary Louie,2026-04-17,16:09:19,-07:00,2026-04-17T16:09:19-07:00,1,14
global.js,10,js,754975d3,Zachary Louie,2026-04-17,16:09:19,-07:00,2026-04-17T16:09:19-07:00,0,0
global.js,11,js,754975d3,Zachary Louie,2026-04-17,16:09:19,-07:00,2026-04-17T16:09:19-07:00,0,11
global.js,12,js,754975d3,Zachary Louie,2026-04-17,16:09:19,-07:00,2026-04-17T16:09:19-07:00,1,25
global.js,13,js,754975d3,Zachary Louie,2026-04-17,16:09:19,-07:00,2026-04-17T16:09:19-07:00,1,38
global.js,14,js,754975d3,Zachary Louie,2026-04-17,16:09:19,-07:00,2026-04-17T16:09:19-07:00,1,36
global.js,15,js,754975d3,Zachary Louie,2026-04-17,16:09:19,-07:00,2026-04-17T16:09:19-07:00,1,26
global.js,16,js,00000000,Not Committed Yet,2026-05-08,21:37:12,-07:00,2026-05-08T21:37:12-07:00,1,30
global.js,17,js,754975d3,Zachary Louie,2026-04-17,16:09:19,-07:00,2026-04-17T16:09:19-07:00,1,52
global.js,18,js,754975d3,Zachary Louie,2026-04-17,16:09:19,-07:00,2026-04-17T16:09:19-07:00,0,0
global.js,19,js,754975d3,Zachary Louie,2026-04-17,16:09:19,-07:00,2026-04-17T16:09:19-07:00,0,0
global.js,20,js,754975d3,Zachary Louie,2026-04-17,16:09:19,-07:00,2026-04-17T16:09:19-07:00,0,38
global.js,21,js,754975d3,Zachary Louie,2026-04-17,16:09:19,-07:00,2026-04-17T16:09:19-07:00,0,25
global.js,22,js,754975d3,Zachary Louie,2026-04-17,16:09:19,-07:00,2026-04-17T16:09:19-07:00,0,0
global.js,23,js,754975d3,Zachary Louie,2026-04-17,16:09:19,-07:00,2026-04-17T16:09:19-07:00,0,20
global.js,24,js,754975d3,Zachary Louie,2026-04-17,16:09:19,-07:00,2026-04-17T16:09:19-07:00,1,14
global.js,25,js,754975d3,Zachary Louie,2026-04-17,16:09:19,-07:00,2026-04-17T16:09:19-07:00,1,18
global.js,26,js,754975d3,Zachary Louie,2026-04-17,16:09:19,-07:00,2026-04-17T16:09:19-07:00,0,0
global.js,27,js,754975d3,Zachary Louie,2026-04-17,16:09:19,-07:00,2026-04-17T16:09:19-07:00,1,52
global.js,28,js,754975d3,Zachary Louie,2026-04-17,16:09:19,-07:00,2026-04-17T16:09:19-07:00,0,0
global.js,29,js,980ba562,Zachary Louie,2026-04-17,16:40:25,-07:00,2026-04-17T16:40:25-07:00,1,34
global.js,30,js,980ba562,Zachary Louie,2026-04-17,16:40:25,-07:00,2026-04-17T16:40:25-07:00,1,11
global.js,31,js,980ba562,Zachary Louie,2026-04-17,16:40:25,-07:00,2026-04-17T16:40:25-07:00,1,20
global.js,32,js,980ba562,Zachary Louie,2026-04-17,16:40:25,-07:00,2026-04-17T16:40:25-07:00,1,12
global.js,33,js,754975d3,Zachary Louie,2026-04-17,16:09:19,-07:00,2026-04-17T16:09:19-07:00,0,0
global.js,34,js,980ba562,Zachary Louie,2026-04-17,16:40:25,-07:00,2026-04-17T16:40:25-07:00,1,90
global.js,35,js,980ba562,Zachary Louie,2026-04-17,16:40:25,-07:00,2026-04-17T16:40:25-07:00,0,0
global.js,36,js,980ba562,Zachary Louie,2026-04-17,16:40:25,-07:00,2026-04-17T16:40:25-07:00,1,29
global.js,37,js,980ba562,Zachary Louie,2026-04-17,16:40:25,-07:00,2026-04-17T16:40:25-07:00,2,18
global.js,38,js,980ba562,Zachary Louie,2026-04-17,16:40:25,-07:00,2026-04-17T16:40:25-07:00,1,0
global.js,39,js,980ba562,Zachary Louie,2026-04-17,16:40:25,-07:00,2026-04-17T16:40:25-07:00,0,0
global.js,40,js,fe6d2ef5,Zachary Louie,2026-04-17,16:27:13,-07:00,2026-04-17T16:27:13-07:00,0,0
global.js,41,js,fe6d2ef5,Zachary Louie,2026-04-17,16:27:13,-07:00,2026-04-17T16:27:13-07:00,0,31
global.js,42,js,fe6d2ef5,Zachary Louie,2026-04-17,16:27:13,-07:00,2026-04-17T16:27:13-07:00,1,11
global.js,43,js,fe6d2ef5,Zachary Louie,2026-04-17,16:27:13,-07:00,2026-04-17T16:27:13-07:00,1,0
global.js,44,js,fe6d2ef5,Zachary Louie,2026-04-17,16:27:13,-07:00,2026-04-17T16:27:13-07:00,1,26
global.js,45,js,fe6d2ef5,Zachary Louie,2026-04-17,16:27:13,-07:00,2026-04-17T16:27:13-07:00,2,4
global.js,46,js,fe6d2ef5,Zachary Louie,2026-04-17,16:27:13,-07:00,2026-04-17T16:27:13-07:00,2,6
global.js,47,js,fe6d2ef5,Zachary Louie,2026-04-17,16:27:13,-07:00,2026-04-17T16:27:13-07:00,3,43
global.js,48,js,fe6d2ef5,Zachary Louie,2026-04-17,16:27:13,-07:00,2026-04-17T16:27:13-07:00,3,34
global.js,49,js,fe6d2ef5,Zachary Louie,2026-04-17,16:27:13,-07:00,2026-04-17T16:27:13-07:00,3,32
global.js,50,js,fe6d2ef5,Zachary Louie,2026-04-17,16:27:13,-07:00,2026-04-17T16:27:13-07:00,2,7
global.js,51,js,fe6d2ef5,Zachary Louie,2026-04-17,16:27:13,-07:00,2026-04-17T16:27:13-07:00,1,8
global.js,52,js,fe6d2ef5,Zachary Louie,2026-04-17,16:27:13,-07:00,2026-04-17T16:27:13-07:00,0,0
global.js,53,js,fe6d2ef5,Zachary Louie,2026-04-17,16:27:13,-07:00,2026-04-17T16:27:13-07:00,0,0
global.js,54,js,fe6d2ef5,Zachary Louie,2026-04-17,16:27:13,-07:00,2026-04-17T16:27:13-07:00,0,60
global.js,55,js,fe6d2ef5,Zachary Louie,2026-04-17,16:27:13,-07:00,2026-04-17T16:27:13-07:00,0,0
global.js,56,js,980ba562,Zachary Louie,2026-04-17,16:40:25,-07:00,2026-04-17T16:40:25-07:00,0,34
global.js,57,js,980ba562,Zachary Louie,2026-04-17,16:40:25,-07:00,2026-04-17T16:40:25-07:00,1,83
global.js,58,js,fe6d2ef5,Zachary Louie,2026-04-17,16:27:13,-07:00,2026-04-17T16:27:13-07:00,1,38
global.js,59,js,fe6d2ef5,Zachary Louie,2026-04-17,16:27:13,-07:00,2026-04-17T16:27:13-07:00,0,0
global.js,60,js,fe6d2ef5,Zachary Louie,2026-04-17,16:27:13,-07:00,2026-04-17T16:27:13-07:00,0,0
global.js,61,js,980ba562,Zachary Louie,2026-04-17,16:40:25,-07:00,2026-04-17T16:40:25-07:00,0,48
global.js,62,js,980ba562,Zachary Louie,2026-04-17,16:40:25,-07:00,2026-04-17T16:40:25-07:00,1,77
global.js,63,js,980ba562,Zachary Louie,2026-04-17,16:40:25,-07:00,2026-04-17T16:40:25-07:00,1,44
global.js,64,js,980ba562,Zachary Louie,2026-04-17,16:40:25,-07:00,2026-04-17T16:40:25-07:00,0,1
global.js,65,js,120d6829,Zachary Louie,2026-04-24,22:59:25,-07:00,2026-04-24T22:59:25-07:00,0,0
global.js,66,js,120d6829,Zachary Louie,2026-04-24,22:59:25,-07:00,2026-04-24T22:59:25-07:00,0,36
global.js,67,js,120d6829,Zachary Louie,2026-04-24,22:59:25,-07:00,2026-04-24T22:59:25-07:00,1,3
global.js,68,js,120d6829,Zachary Louie,2026-04-24,22:59:25,-07:00,2026-04-24T22:59:25-07:00,2,32
global.js,69,js,120d6829,Zachary Louie,2026-04-24,22:59:25,-07:00,2026-04-24T22:59:25-07:00,0,0
global.js,70,js,120d6829,Zachary Louie,2026-04-24,22:59:25,-07:00,2026-04-24T22:59:25-07:00,2,17
global.js,71,js,120d6829,Zachary Louie,2026-04-24,22:59:25,-07:00,2026-04-24T22:59:25-07:00,3,66
global.js,72,js,120d6829,Zachary Louie,2026-04-24,22:59:25,-07:00,2026-04-24T22:59:25-07:00,2,0
global.js,73,js,120d6829,Zachary Louie,2026-04-24,22:59:25,-07:00,2026-04-24T22:59:25-07:00,0,0
global.js,74,js,120d6829,Zachary Louie,2026-04-24,22:59:25,-07:00,2026-04-24T22:59:25-07:00,2,33
global.js,75,js,120d6829,Zachary Louie,2026-04-24,22:59:25,-07:00,2026-04-24T22:59:25-07:00,2,10
global.js,76,js,120d6829,Zachary Louie,2026-04-24,22:59:25,-07:00,2026-04-24T22:59:25-07:00,1,15
global.js,77,js,120d6829,Zachary Louie,2026-04-24,22:59:25,-07:00,2026-04-24T22:59:25-07:00,2,59
global.js,78,js,120d6829,Zachary Louie,2026-04-24,22:59:25,-07:00,2026-04-24T22:59:25-07:00,1,0
global.js,79,js,120d6829,Zachary Louie,2026-04-24,22:59:25,-07:00,2026-04-24T22:59:25-07:00,0,0
global.js,80,js,120d6829,Zachary Louie,2026-04-24,22:59:25,-07:00,2026-04-24T22:59:25-07:00,0,0
global.js,81,js,120d6829,Zachary Louie,2026-04-24,22:59:25,-07:00,2026-04-24T22:59:25-07:00,0,79
global.js,82,js,120d6829,Zachary Louie,2026-04-24,22:59:25,-07:00,2026-04-24T22:59:25-07:00,1,30
global.js,83,js,120d6829,Zachary Louie,2026-04-24,22:59:25,-07:00,2026-04-24T22:59:25-07:00,0,0
global.js,84,js,120d6829,Zachary Louie,2026-04-24,22:59:25,-07:00,2026-04-24T22:59:25-07:00,1,29
global.js,85,js,120d6829,Zachary Louie,2026-04-24,22:59:25,-07:00,2026-04-24T22:59:25-07:00,2,48
global.js,86,js,120d6829,Zachary Louie,2026-04-24,22:59:25,-07:00,2026-04-24T22:59:25-07:00,0,0
global.js,87,js,120d6829,Zachary Louie,2026-04-24,22:59:25,-07:00,2026-04-24T22:59:25-07:00,2,19
global.js,88,js,120d6829,Zachary Louie,2026-04-24,22:59:25,-07:00,2026-04-24T22:59:25-07:00,3,49
global.js,89,js,120d6829,Zachary Louie,2026-04-24,22:59:25,-07:00,2026-04-24T22:59:25-07:00,3,49
global.js,90,js,a385c84f,Zachary Louie,2026-05-02,23:20:03,-07:00,2026-05-02T23:20:03-07:00,3,3
global.js,91,js,a385c84f,Zachary Louie,2026-05-02,23:20:03,-07:00,2026-05-02T23:20:03-07:00,4,27
global.js,92,js,a385c84f,Zachary Louie,2026-05-02,23:20:03,-07:00,2026-05-02T23:20:03-07:00,4,41
global.js,93,js,a385c84f,Zachary Louie,2026-05-02,23:20:03,-07:00,2026-05-02T23:20:03-07:00,3,4
global.js,94,js,120d6829,Zachary Louie,2026-04-24,22:59:25,-07:00,2026-04-24T22:59:25-07:00,2,0
global.js,95,js,120d6829,Zachary Louie,2026-04-24,22:59:25,-07:00,2026-04-24T22:59:25-07:00,0,0
global.js,96,js,120d6829,Zachary Louie,2026-04-24,22:59:25,-07:00,2026-04-24T22:59:25-07:00,2,36
global.js,97,js,120d6829,Zachary Louie,2026-04-24,22:59:25,-07:00,2026-04-24T22:59:25-07:00,1,0
global.js,98,js,69bed88b,Zachary Louie,2026-04-24,23:24:29,-07:00,2026-04-24T23:24:29-07:00,0,0
global.js,99,js,69bed88b,Zachary Louie,2026-04-24,23:24:29,-07:00,2026-04-24T23:24:29-07:00,0,0
global.js,100,js,69bed88b,Zachary Louie,2026-04-24,23:24:29,-07:00,2026-04-24T23:24:29-07:00,0,47
global.js,101,js,69bed88b,Zachary Louie,2026-04-24,23:24:29,-07:00,2026-04-24T23:24:29-07:00,1,59
global.js,102,js,120d6829,Zachary Louie,2026-04-24,22:59:25,-07:00,2026-04-24T22:59:25-07:00,0,0
projects/projects.js,1,js,120d6829,Zachary Louie,2026-04-24,22:59:25,-07:00,2026-04-24T22:59:25-07:00,0,55
projects/projects.js,2,js,a385c84f,Zachary Louie,2026-05-02,23:20:03,-07:00,2026-05-02T23:20:03-07:00,0,63
projects/projects.js,3,js,120d6829,Zachary Louie,2026-04-24,22:59:25,-07:00,2026-04-24T22:59:25-07:00,0,0
projects/projects.js,4,js,120d6829,Zachary Louie,2026-04-24,22:59:25,-07:00,2026-04-24T22:59:25-07:00,0,55
projects/projects.js,5,js,120d6829,Zachary Louie,2026-04-24,22:59:25,-07:00,2026-04-24T22:59:25-07:00,0,60
projects/projects.js,6,js,120d6829,Zachary Louie,2026-04-24,22:59:25,-07:00,2026-04-24T22:59:25-07:00,0,0
projects/projects.js,7,js,e99663e4,Zachary Louie,2026-04-24,23:02:15,-07:00,2026-04-24T23:02:15-07:00,0,48
projects/projects.js,8,js,e99663e4,Zachary Louie,2026-04-24,23:02:15,-07:00,2026-04-24T23:02:15-07:00,0,0
projects/projects.js,9,js,e99663e4,Zachary Louie,2026-04-24,23:02:15,-07:00,2026-04-24T23:02:15-07:00,0,62
projects/projects.js,10,js,a385c84f,Zachary Louie,2026-05-02,23:20:03,-07:00,2026-05-02T23:20:03-07:00,0,56
projects/projects.js,11,js,a385c84f,Zachary Louie,2026-05-02,23:20:03,-07:00,2026-05-02T23:20:03-07:00,0,0
projects/projects.js,12,js,a385c84f,Zachary Louie,2026-05-02,23:20:03,-07:00,2026-05-02T23:20:03-07:00,0,57
projects/projects.js,13,js,a385c84f,Zachary Louie,2026-05-02,23:20:03,-07:00,2026-05-02T23:20:03-07:00,0,47
projects/projects.js,14,js,a7b9c198,Zachary Louie,2026-05-02,23:47:34,-07:00,2026-05-02T23:47:34-07:00,0,21
projects/projects.js,15,js,a7b9c198,Zachary Louie,2026-05-02,23:47:34,-07:00,2026-05-02T23:47:34-07:00,0,13
projects/projects.js,16,js,a385c84f,Zachary Louie,2026-05-02,23:20:03,-07:00,2026-05-02T23:20:03-07:00,0,0
projects/projects.js,17,js,97fbd8ee,Zachary Louie,2026-05-02,23:39:36,-07:00,2026-05-02T23:39:36-07:00,0,38
projects/projects.js,18,js,a7b9c198,Zachary Louie,2026-05-02,23:47:34,-07:00,2026-05-02T23:47:34-07:00,1,40
projects/projects.js,19,js,a7b9c198,Zachary Louie,2026-05-02,23:47:34,-07:00,2026-05-02T23:47:34-07:00,1,29
projects/projects.js,20,js,97fbd8ee,Zachary Louie,2026-05-02,23:39:36,-07:00,2026-05-02T23:39:36-07:00,1,44
projects/projects.js,21,js,97fbd8ee,Zachary Louie,2026-05-02,23:39:36,-07:00,2026-05-02T23:39:36-07:00,0,0
projects/projects.js,22,js,97fbd8ee,Zachary Louie,2026-05-02,23:39:36,-07:00,2026-05-02T23:39:36-07:00,1,26
projects/projects.js,23,js,97fbd8ee,Zachary Louie,2026-05-02,23:39:36,-07:00,2026-05-02T23:39:36-07:00,2,12
projects/projects.js,24,js,97fbd8ee,Zachary Louie,2026-05-02,23:39:36,-07:00,2026-05-02T23:39:36-07:00,2,14
projects/projects.js,25,js,97fbd8ee,Zachary Louie,2026-05-02,23:39:36,-07:00,2026-05-02T23:39:36-07:00,2,12
projects/projects.js,26,js,97fbd8ee,Zachary Louie,2026-05-02,23:39:36,-07:00,2026-05-02T23:39:36-07:00,1,0
projects/projects.js,27,js,97fbd8ee,Zachary Louie,2026-05-02,23:39:36,-07:00,2026-05-02T23:39:36-07:00,1,44
projects/projects.js,28,js,97fbd8ee,Zachary Louie,2026-05-02,23:39:36,-07:00,2026-05-02T23:39:36-07:00,2,35
projects/projects.js,29,js,97fbd8ee,Zachary Louie,2026-05-02,23:39:36,-07:00,2026-05-02T23:39:36-07:00,1,1
projects/projects.js,30,js,97fbd8ee,Zachary Louie,2026-05-02,23:39:36,-07:00,2026-05-02T23:39:36-07:00,0,0
projects/projects.js,31,js,97fbd8ee,Zachary Louie,2026-05-02,23:39:36,-07:00,2026-05-02T23:39:36-07:00,1,50
projects/projects.js,32,js,97fbd8ee,Zachary Louie,2026-05-02,23:39:36,-07:00,2026-05-02T23:39:36-07:00,1,33
projects/projects.js,33,js,97fbd8ee,Zachary Louie,2026-05-02,23:39:36,-07:00,2026-05-02T23:39:36-07:00,1,45
projects/projects.js,34,js,97fbd8ee,Zachary Louie,2026-05-02,23:39:36,-07:00,2026-05-02T23:39:36-07:00,0,0
projects/projects.js,35,js,a7b9c198,Zachary Louie,2026-05-02,23:47:34,-07:00,2026-05-02T23:47:34-07:00,1,24
projects/projects.js,36,js,a7b9c198,Zachary Louie,2026-05-02,23:47:34,-07:00,2026-05-02T23:47:34-07:00,2,1
projects/projects.js,37,js,97fbd8ee,Zachary Louie,2026-05-02,23:39:36,-07:00,2026-05-02T23:39:36-07:00,3,13
projects/projects.js,38,js,97fbd8ee,Zachary Louie,2026-05-02,23:39:36,-07:00,2026-05-02T23:39:36-07:00,3,13
projects/projects.js,39,js,a7b9c198,Zachary Louie,2026-05-02,23:47:34,-07:00,2026-05-02T23:47:34-07:00,3,22
projects/projects.js,40,js,a7b9c198,Zachary Louie,2026-05-02,23:47:34,-07:00,2026-05-02T23:47:34-07:00,3,51
projects/projects.js,41,js,a7b9c198,Zachary Louie,2026-05-02,23:47:34,-07:00,2026-05-02T23:47:34-07:00,3,18
projects/projects.js,42,js,a7b9c198,Zachary Louie,2026-05-02,23:47:34,-07:00,2026-05-02T23:47:34-07:00,4,43
projects/projects.js,43,js,a7b9c198,Zachary Louie,2026-05-02,23:47:34,-07:00,2026-05-02T23:47:34-07:00,4,1
projects/projects.js,44,js,a7b9c198,Zachary Louie,2026-05-02,23:47:34,-07:00,2026-05-02T23:47:34-07:00,5,16
projects/projects.js,45,js,a7b9c198,Zachary Louie,2026-05-02,23:47:34,-07:00,2026-05-02T23:47:34-07:00,5,66
projects/projects.js,46,js,a7b9c198,Zachary Louie,2026-05-02,23:47:34,-07:00,2026-05-02T23:47:34-07:00,0,0
projects/projects.js,47,js,a7b9c198,Zachary Louie,2026-05-02,23:47:34,-07:00,2026-05-02T23:47:34-07:00,4,18
projects/projects.js,48,js,a7b9c198,Zachary Louie,2026-05-02,23:47:34,-07:00,2026-05-02T23:47:34-07:00,5,14
projects/projects.js,49,js,a7b9c198,Zachary Louie,2026-05-02,23:47:34,-07:00,2026-05-02T23:47:34-07:00,5,24
projects/projects.js,50,js,a7b9c198,Zachary Louie,2026-05-02,23:47:34,-07:00,2026-05-02T23:47:34-07:00,6,60
projects/projects.js,51,js,a7b9c198,Zachary Louie,2026-05-02,23:47:34,-07:00,2026-05-02T23:47:34-07:00,5,0
projects/projects.js,52,js,a7b9c198,Zachary Louie,2026-05-02,23:47:34,-07:00,2026-05-02T23:47:34-07:00,0,0
projects/projects.js,53,js,a7b9c198,Zachary Louie,2026-05-02,23:47:34,-07:00,2026-05-02T23:47:34-07:00,4,51
projects/projects.js,54,js,a7b9c198,Zachary Louie,2026-05-02,23:47:34,-07:00,2026-05-02T23:47:34-07:00,5,39
projects/projects.js,55,js,a7b9c198,Zachary Louie,2026-05-02,23:47:34,-07:00,2026-05-02T23:47:34-07:00,6,9
projects/projects.js,56,js,a7b9c198,Zachary Louie,2026-05-02,23:47:34,-07:00,2026-05-02T23:47:34-07:00,6,12
projects/projects.js,57,js,a7b9c198,Zachary Louie,2026-05-02,23:47:34,-07:00,2026-05-02T23:47:34-07:00,6,29
projects/projects.js,58,js,a7b9c198,Zachary Louie,2026-05-02,23:47:34,-07:00,2026-05-02T23:47:34-07:00,5,15
projects/projects.js,59,js,a7b9c198,Zachary Louie,2026-05-02,23:47:34,-07:00,2026-05-02T23:47:34-07:00,6,66
projects/projects.js,60,js,a7b9c198,Zachary Louie,2026-05-02,23:47:34,-07:00,2026-05-02T23:47:34-07:00,5,33
projects/projects.js,61,js,a7b9c198,Zachary Louie,2026-05-02,23:47:34,-07:00,2026-05-02T23:47:34-07:00,4,1
projects/projects.js,62,js,a7b9c198,Zachary Louie,2026-05-02,23:47:34,-07:00,2026-05-02T23:47:34-07:00,0,0
projects/projects.js,63,js,a7b9c198,Zachary Louie,2026-05-02,23:47:34,-07:00,2026-05-02T23:47:34-07:00,4,56
projects/projects.js,64,js,a7b9c198,Zachary Louie,2026-05-02,23:47:34,-07:00,2026-05-02T23:47:34-07:00,3,1
projects/projects.js,65,js,97fbd8ee,Zachary Louie,2026-05-02,23:39:36,-07:00,2026-05-02T23:39:36-07:00,1,1
projects/projects.js,66,js,a7b9c198,Zachary Louie,2026-05-02,23:47:34,-07:00,2026-05-02T23:47:34-07:00,0,0
projects/projects.js,67,js,97fbd8ee,Zachary Louie,2026-05-02,23:39:36,-07:00,2026-05-02T23:39:36-07:00,1,32
projects/projects.js,68,js,97fbd8ee,Zachary Louie,2026-05-02,23:39:36,-07:00,2026-05-02T23:39:36-07:00,1,24
projects/projects.js,69,js,97fbd8ee,Zachary Louie,2026-05-02,23:39:36,-07:00,2026-05-02T23:39:36-07:00,2,4
projects/projects.js,70,js,97fbd8ee,Zachary Louie,2026-05-02,23:39:36,-07:00,2026-05-02T23:39:36-07:00,3,11
projects/projects.js,71,js,97fbd8ee,Zachary Louie,2026-05-02,23:39:36,-07:00,2026-05-02T23:39:36-07:00,3,38
projects/projects.js,72,js,a7b9c198,Zachary Louie,2026-05-02,23:47:34,-07:00,2026-05-02T23:47:34-07:00,3,76
projects/projects.js,73,js,97fbd8ee,Zachary Louie,2026-05-02,23:39:36,-07:00,2026-05-02T23:39:36-07:00,3,69
projects/projects.js,74,js,97fbd8ee,Zachary Louie,2026-05-02,23:39:36,-07:00,2026-05-02T23:39:36-07:00,1,1
projects/projects.js,75,js,97fbd8ee,Zachary Louie,2026-05-02,23:39:36,-07:00,2026-05-02T23:39:36-07:00,0,0
projects/projects.js,76,js,97fbd8ee,Zachary Louie,2026-05-02,23:39:36,-07:00,2026-05-02T23:39:36-07:00,0,23
projects/projects.js,77,js,97fbd8ee,Zachary Louie,2026-05-02,23:39:36,-07:00,2026-05-02T23:39:36-07:00,0,53
projects/projects.js,78,js,a7b9c198,Zachary Louie,2026-05-02,23:47:34,-07:00,2026-05-02T23:47:34-07:00,0,0
projects/projects.js,79,js,97fbd8ee,Zachary Louie,2026-05-02,23:39:36,-07:00,2026-05-02T23:39:36-07:00,0,48
projects/projects.js,80,js,a7b9c198,Zachary Louie,2026-05-02,23:47:34,-07:00,2026-05-02T23:47:34-07:00,1,25
projects/projects.js,81,js,a7b9c198,Zachary Louie,2026-05-02,23:47:34,-07:00,2026-05-02T23:47:34-07:00,0,0
projects/projects.js,82,js,97fbd8ee,Zachary Louie,2026-05-02,23:39:36,-07:00,2026-05-02T23:39:36-07:00,1,51
projects/projects.js,83,js,97fbd8ee,Zachary Louie,2026-05-02,23:39:36,-07:00,2026-05-02T23:39:36-07:00,2,59
projects/projects.js,84,js,97fbd8ee,Zachary Louie,2026-05-02,23:39:36,-07:00,2026-05-02T23:39:36-07:00,2,42
projects/projects.js,85,js,97fbd8ee,Zachary Louie,2026-05-02,23:39:36,-07:00,2026-05-02T23:39:36-07:00,1,1
projects/projects.js,86,js,a7b9c198,Zachary Louie,2026-05-02,23:47:34,-07:00,2026-05-02T23:47:34-07:00,0,0
projects/projects.js,87,js,97fbd8ee,Zachary Louie,2026-05-02,23:39:36,-07:00,2026-05-02T23:39:36-07:00,1,56
projects/projects.js,88,js,97fbd8ee,Zachary Louie,2026-05-02,23:39:36,-07:00,2026-05-02T23:39:36-07:00,1,31
projects/projects.js,89,js,a385c84f,Zachary Louie,2026-05-02,23:20:03,-07:00,2026-05-02T23:20:03-07:00,0,1
projects/index.html,1,html,e70570ea,Zachary Louie,2026-04-03,21:31:03,-07:00,2026-04-03T21:31:03-07:00,0,13
projects/index.html,2,html,e70570ea,Zachary Louie,2026-04-03,21:31:03,-07:00,2026-04-03T21:31:03-07:00,0,14
projects/index.html,3,html,e70570ea,Zachary Louie,2026-04-03,21:31:03,-07:00,2026-04-03T21:31:03-07:00,0,4
projects/index.html,4,html,9d6a6a4d,Zachary Louie,2026-04-10,22:07:12,-07:00,2026-04-10T22:07:12-07:00,1,20
projects/index.html,5,html,e70570ea,Zachary Louie,2026-04-03,21:31:03,-07:00,2026-04-03T21:31:03-07:00,1,68
projects/index.html,6,html,e70570ea,Zachary Louie,2026-04-03,21:31:03,-07:00,2026-04-03T21:31:03-07:00,1,36
projects/index.html,7,html,e70570ea,Zachary Louie,2026-04-03,21:31:03,-07:00,2026-04-03T21:31:03-07:00,1,41
projects/index.html,8,html,754975d3,Zachary Louie,2026-04-17,16:09:19,-07:00,2026-04-17T16:09:19-07:00,1,48
projects/index.html,9,html,120d6829,Zachary Louie,2026-04-24,22:59:25,-07:00,2026-04-24T22:59:25-07:00,1,47
projects/index.html,10,html,e70570ea,Zachary Louie,2026-04-03,21:31:03,-07:00,2026-04-03T21:31:03-07:00,0,5
projects/index.html,11,html,e70570ea,Zachary Louie,2026-04-03,21:31:03,-07:00,2026-04-03T21:31:03-07:00,0,4
projects/index.html,12,html,754975d3,Zachary Louie,2026-04-17,16:09:19,-07:00,2026-04-17T16:09:19-07:00,1,0
projects/index.html,13,html,e99663e4,Zachary Louie,2026-04-24,23:02:15,-07:00,2026-04-24T23:02:15-07:00,1,38
projects/index.html,14,html,3c39b454,Zachary Louie,2026-05-02,23:29:19,-07:00,2026-05-02T23:29:19-07:00,1,21
projects/index.html,15,html,3c39b454,Zachary Louie,2026-05-02,23:29:19,-07:00,2026-05-02T23:29:19-07:00,2,58
projects/index.html,16,html,3c39b454,Zachary Louie,2026-05-02,23:29:19,-07:00,2026-05-02T23:29:19-07:00,2,22
projects/index.html,17,html,97fbd8ee,Zachary Louie,2026-05-02,23:39:36,-07:00,2026-05-02T23:39:36-07:00,1,4
projects/index.html,18,html,97fbd8ee,Zachary Louie,2026-05-02,23:39:36,-07:00,2026-05-02T23:39:36-07:00,1,4
projects/index.html,19,html,97fbd8ee,Zachary Louie,2026-05-02,23:39:36,-07:00,2026-05-02T23:39:36-07:00,2,15
projects/index.html,20,html,97fbd8ee,Zachary Louie,2026-05-02,23:39:36,-07:00,2026-05-02T23:39:36-07:00,2,11
projects/index.html,21,html,97fbd8ee,Zachary Louie,2026-05-02,23:39:36,-07:00,2026-05-02T23:39:36-07:00,2,26
projects/index.html,22,html,97fbd8ee,Zachary Louie,2026-05-02,23:39:36,-07:00,2026-05-02T23:39:36-07:00,2,31
projects/index.html,23,html,97fbd8ee,Zachary Louie,2026-05-02,23:39:36,-07:00,2026-05-02T23:39:36-07:00,1,0
projects/index.html,24,html,97fbd8ee,Zachary Louie,2026-05-02,23:39:36,-07:00,2026-05-02T23:39:36-07:00,1,20
projects/index.html,25,html,97fbd8ee,Zachary Louie,2026-05-02,23:39:36,-07:00,2026-05-02T23:39:36-07:00,1,4
projects/index.html,26,html,3c39b454,Zachary Louie,2026-05-02,23:29:19,-07:00,2026-05-02T23:29:19-07:00,0,4
projects/index.html,27,html,9d6a6a4d,Zachary Louie,2026-04-10,22:07:12,-07:00,2026-04-10T22:07:12-07:00,0,20
projects/index.html,28,html,9d6a6a4d,Zachary Louie,2026-04-10,22:07:12,-07:00,2026-04-10T22:07:12-07:00,0,4
projects/index.html,29,html,e70570ea,Zachary Louie,2026-04-03,21:31:03,-07:00,2026-04-03T21:31:03-07:00,0,0
projects/index.html,30,html,e70570ea,Zachary Louie,2026-04-03,21:31:03,-07:00,2026-04-03T21:31:03-07:00,0,5
projects/index.html,31,html,e70570ea,Zachary Louie,2026-04-03,21:31:03,-07:00,2026-04-03T21:31:03-07:00,0,5
cv/index.html,1,html,e70570ea,Zachary Louie,2026-04-03,21:31:03,-07:00,2026-04-03T21:31:03-07:00,0,13
cv/index.html,2,html,e70570ea,Zachary Louie,2026-04-03,21:31:03,-07:00,2026-04-03T21:31:03-07:00,0,14
cv/index.html,3,html,e70570ea,Zachary Louie,2026-04-03,21:31:03,-07:00,2026-04-03T21:31:03-07:00,0,4
cv/index.html,4,html,e70570ea,Zachary Louie,2026-04-03,21:31:03,-07:00,2026-04-03T21:31:03-07:00,1,20
cv/index.html,5,html,e70570ea,Zachary Louie,2026-04-03,21:31:03,-07:00,2026-04-03T21:31:03-07:00,1,68
cv/index.html,6,html,e70570ea,Zachary Louie,2026-04-03,21:31:03,-07:00,2026-04-03T21:31:03-07:00,1,30
cv/index.html,7,html,e70570ea,Zachary Louie,2026-04-03,21:31:03,-07:00,2026-04-03T21:31:03-07:00,1,41
cv/index.html,8,html,7e79ad39,Zachary Louie,2026-04-10,22:12:16,-07:00,2026-04-10T22:12:16-07:00,1,22
cv/index.html,9,html,754975d3,Zachary Louie,2026-04-17,16:09:19,-07:00,2026-04-17T16:09:19-07:00,1,48
cv/index.html,10,html,e70570ea,Zachary Louie,2026-04-03,21:31:03,-07:00,2026-04-03T21:31:03-07:00,0,5
cv/index.html,11,html,e70570ea,Zachary Louie,2026-04-03,21:31:03,-07:00,2026-04-03T21:31:03-07:00,0,4
cv/index.html,12,html,e70570ea,Zachary Louie,2026-04-03,21:31:03,-07:00,2026-04-03T21:31:03-07:00,0,0
cv/index.html,13,html,e70570ea,Zachary Louie,2026-04-03,21:31:03,-07:00,2026-04-03T21:31:03-07:00,1,20
cv/index.html,14,html,e70570ea,Zachary Louie,2026-04-03,21:31:03,-07:00,2026-04-03T21:31:03-07:00,0,0
cv/index.html,15,html,e70570ea,Zachary Louie,2026-04-03,21:31:03,-07:00,2026-04-03T21:31:03-07:00,1,7
cv/index.html,16,html,e70570ea,Zachary Louie,2026-04-03,21:31:03,-07:00,2026-04-03T21:31:03-07:00,2,16
cv/index.html,17,html,e70570ea,Zachary Louie,2026-04-03,21:31:03,-07:00,2026-04-03T21:31:03-07:00,2,7
cv/index.html,18,html,e70570ea,Zachary Louie,2026-04-03,21:31:03,-07:00,2026-04-03T21:31:03-07:00,3,42
cv/index.html,19,html,e70570ea,Zachary Louie,2026-04-03,21:31:03,-07:00,2026-04-03T21:31:03-07:00,3,22
cv/index.html,20,html,e70570ea,Zachary Louie,2026-04-03,21:31:03,-07:00,2026-04-03T21:31:03-07:00,3,88
cv/index.html,21,html,e70570ea,Zachary Louie,2026-04-03,21:31:03,-07:00,2026-04-03T21:31:03-07:00,3,2
cv/index.html,22,html,e70570ea,Zachary Louie,2026-04-03,21:31:03,-07:00,2026-04-03T21:31:03-07:00,4,15
cv/index.html,23,html,e70570ea,Zachary Louie,2026-04-03,21:31:03,-07:00,2026-04-03T21:31:03-07:00,4,82
cv/index.html,24,html,e70570ea,Zachary Louie,2026-04-03,21:31:03,-07:00,2026-04-03T21:31:03-07:00,3,3
cv/index.html,25,html,e70570ea,Zachary Louie,2026-04-03,21:31:03,-07:00,2026-04-03T21:31:03-07:00,2,8
cv/index.html,26,html,e70570ea,Zachary Louie,2026-04-03,21:31:03,-07:00,2026-04-03T21:31:03-07:00,1,8
cv/index.html,27,html,e70570ea,Zachary Louie,2026-04-03,21:31:03,-07:00,2026-04-03T21:31:03-07:00,0,0
cv/index.html,28,html,e70570ea,Zachary Louie,2026-04-03,21:31:03,-07:00,2026-04-03T21:31:03-07:00,1,7
cv/index.html,29,html,e70570ea,Zachary Louie,2026-04-03,21:31:03,-07:00,2026-04-03T21:31:03-07:00,2,13
cv/index.html,30,html,e70570ea,Zachary Louie,2026-04-03,21:31:03,-07:00,2026-04-03T21:31:03-07:00,2,2
cv/index.html,31,html,e70570ea,Zachary Louie,2026-04-03,21:31:03,-07:00,2026-04-03T21:31:03-07:00,3,42
cv/index.html,32,html,e70570ea,Zachary Louie,2026-04-03,21:31:03,-07:00,2026-04-03T21:31:03-07:00,3,28
cv/index.html,33,html,e70570ea,Zachary Louie,2026-04-03,21:31:03,-07:00,2026-04-03T21:31:03-07:00,3,15
cv/index.html,34,html,e70570ea,Zachary Louie,2026-04-03,21:31:03,-07:00,2026-04-03T21:31:03-07:00,3,47
cv/index.html,35,html,e70570ea,Zachary Louie,2026-04-03,21:31:03,-07:00,2026-04-03T21:31:03-07:00,2,3
cv/index.html,36,html,e70570ea,Zachary Louie,2026-04-03,21:31:03,-07:00,2026-04-03T21:31:03-07:00,1,8
cv/index.html,37,html,e70570ea,Zachary Louie,2026-04-03,21:31:03,-07:00,2026-04-03T21:31:03-07:00,0,0
cv/index.html,38,html,e70570ea,Zachary Louie,2026-04-03,21:31:03,-07:00,2026-04-03T21:31:03-07:00,1,7
cv/index.html,39,html,e70570ea,Zachary Louie,2026-04-03,21:31:03,-07:00,2026-04-03T21:31:03-07:00,2,17
cv/index.html,40,html,e70570ea,Zachary Louie,2026-04-03,21:31:03,-07:00,2026-04-03T21:31:03-07:00,2,7
cv/index.html,41,html,e70570ea,Zachary Louie,2026-04-03,21:31:03,-07:00,2026-04-03T21:31:03-07:00,3,26
cv/index.html,42,html,e70570ea,Zachary Louie,2026-04-03,21:31:03,-07:00,2026-04-03T21:31:03-07:00,3,37
cv/index.html,43,html,e70570ea,Zachary Louie,2026-04-03,21:31:03,-07:00,2026-04-03T21:31:03-07:00,3,88
cv/index.html,44,html,e70570ea,Zachary Louie,2026-04-03,21:31:03,-07:00,2026-04-03T21:31:03-07:00,3,2
cv/index.html,45,html,e70570ea,Zachary Louie,2026-04-03,21:31:03,-07:00,2026-04-03T21:31:03-07:00,4,72
cv/index.html,46,html,e70570ea,Zachary Louie,2026-04-03,21:31:03,-07:00,2026-04-03T21:31:03-07:00,4,57
cv/index.html,47,html,e70570ea,Zachary Louie,2026-04-03,21:31:03,-07:00,2026-04-03T21:31:03-07:00,4,61
cv/index.html,48,html,e70570ea,Zachary Louie,2026-04-03,21:31:03,-07:00,2026-04-03T21:31:03-07:00,3,3
cv/index.html,49,html,e70570ea,Zachary Louie,2026-04-03,21:31:03,-07:00,2026-04-03T21:31:03-07:00,2,8
cv/index.html,50,html,e70570ea,Zachary Louie,2026-04-03,21:31:03,-07:00,2026-04-03T21:31:03-07:00,2,7
cv/index.html,51,html,e70570ea,Zachary Louie,2026-04-03,21:31:03,-07:00,2026-04-03T21:31:03-07:00,3,39
cv/index.html,52,html,e70570ea,Zachary Louie,2026-04-03,21:31:03,-07:00,2026-04-03T21:31:03-07:00,3,31
cv/index.html,53,html,e70570ea,Zachary Louie,2026-04-03,21:31:03,-07:00,2026-04-03T21:31:03-07:00,3,86
cv/index.html,54,html,e70570ea,Zachary Louie,2026-04-03,21:31:03,-07:00,2026-04-03T21:31:03-07:00,3,2
cv/index.html,55,html,e70570ea,Zachary Louie,2026-04-03,21:31:03,-07:00,2026-04-03T21:31:03-07:00,4,70
cv/index.html,56,html,e70570ea,Zachary Louie,2026-04-03,21:31:03,-07:00,2026-04-03T21:31:03-07:00,4,65
cv/index.html,57,html,e70570ea,Zachary Louie,2026-04-03,21:31:03,-07:00,2026-04-03T21:31:03-07:00,3,3
cv/index.html,58,html,e70570ea,Zachary Louie,2026-04-03,21:31:03,-07:00,2026-04-03T21:31:03-07:00,2,8
cv/index.html,59,html,e70570ea,Zachary Louie,2026-04-03,21:31:03,-07:00,2026-04-03T21:31:03-07:00,1,8
cv/index.html,60,html,e70570ea,Zachary Louie,2026-04-03,21:31:03,-07:00,2026-04-03T21:31:03-07:00,0,0
cv/index.html,61,html,e70570ea,Zachary Louie,2026-04-03,21:31:03,-07:00,2026-04-03T21:31:03-07:00,1,7
cv/index.html,62,html,e70570ea,Zachary Louie,2026-04-03,21:31:03,-07:00,2026-04-03T21:31:03-07:00,2,15
cv/index.html,63,html,e70570ea,Zachary Louie,2026-04-03,21:31:03,-07:00,2026-04-03T21:31:03-07:00,2,7
cv/index.html,64,html,e70570ea,Zachary Louie,2026-04-03,21:31:03,-07:00,2026-04-03T21:31:03-07:00,3,34
cv/index.html,65,html,e70570ea,Zachary Louie,2026-04-03,21:31:03,-07:00,2026-04-03T21:31:03-07:00,3,40
cv/index.html,66,html,e70570ea,Zachary Louie,2026-04-03,21:31:03,-07:00,2026-04-03T21:31:03-07:00,3,89
cv/index.html,67,html,e70570ea,Zachary Louie,2026-04-03,21:31:03,-07:00,2026-04-03T21:31:03-07:00,2,8
cv/index.html,68,html,e70570ea,Zachary Louie,2026-04-03,21:31:03,-07:00,2026-04-03T21:31:03-07:00,2,7
cv/index.html,69,html,e70570ea,Zachary Louie,2026-04-03,21:31:03,-07:00,2026-04-03T21:31:03-07:00,3,33
cv/index.html,70,html,e70570ea,Zachary Louie,2026-04-03,21:31:03,-07:00,2026-04-03T21:31:03-07:00,3,43
cv/index.html,71,html,e70570ea,Zachary Louie,2026-04-03,21:31:03,-07:00,2026-04-03T21:31:03-07:00,3,79
cv/index.html,72,html,e70570ea,Zachary Louie,2026-04-03,21:31:03,-07:00,2026-04-03T21:31:03-07:00,2,8
cv/index.html,73,html,e70570ea,Zachary Louie,2026-04-03,21:31:03,-07:00,2026-04-03T21:31:03-07:00,1,8
cv/index.html,74,html,e70570ea,Zachary Louie,2026-04-03,21:31:03,-07:00,2026-04-03T21:31:03-07:00,0,0
cv/index.html,75,html,e70570ea,Zachary Louie,2026-04-03,21:31:03,-07:00,2026-04-03T21:31:03-07:00,0,5
cv/index.html,76,html,e70570ea,Zachary Louie,2026-04-03,21:31:03,-07:00,2026-04-03T21:31:03-07:00,0,5
contact/index.html,1,html,e70570ea,Zachary Louie,2026-04-03,21:31:03,-07:00,2026-04-03T21:31:03-07:00,0,13
contact/index.html,2,html,e70570ea,Zachary Louie,2026-04-03,21:31:03,-07:00,2026-04-03T21:31:03-07:00,0,14
contact/index.html,3,html,e70570ea,Zachary Louie,2026-04-03,21:31:03,-07:00,2026-04-03T21:31:03-07:00,0,4
contact/index.html,4,html,e70570ea,Zachary Louie,2026-04-03,21:31:03,-07:00,2026-04-03T21:31:03-07:00,1,20
contact/index.html,5,html,e70570ea,Zachary Louie,2026-04-03,21:31:03,-07:00,2026-04-03T21:31:03-07:00,1,68
contact/index.html,6,html,e70570ea,Zachary Louie,2026-04-03,21:31:03,-07:00,2026-04-03T21:31:03-07:00,1,35
contact/index.html,7,html,e70570ea,Zachary Louie,2026-04-03,21:31:03,-07:00,2026-04-03T21:31:03-07:00,1,41
contact/index.html,8,html,754975d3,Zachary Louie,2026-04-17,16:09:19,-07:00,2026-04-17T16:09:19-07:00,1,48
contact/index.html,9,html,e70570ea,Zachary Louie,2026-04-03,21:31:03,-07:00,2026-04-03T21:31:03-07:00,0,5
contact/index.html,10,html,e70570ea,Zachary Louie,2026-04-03,21:31:03,-07:00,2026-04-03T21:31:03-07:00,0,4
contact/index.html,11,html,e70570ea,Zachary Louie,2026-04-03,21:31:03,-07:00,2026-04-03T21:31:03-07:00,0,0
contact/index.html,12,html,e70570ea,Zachary Louie,2026-04-03,21:31:03,-07:00,2026-04-03T21:31:03-07:00,1,14
contact/index.html,13,html,e70570ea,Zachary Louie,2026-04-03,21:31:03,-07:00,2026-04-03T21:31:03-07:00,0,0
contact/index.html,14,html,e70570ea,Zachary Louie,2026-04-03,21:31:03,-07:00,2026-04-03T21:31:03-07:00,1,78
contact/index.html,15,html,e70570ea,Zachary Louie,2026-04-03,21:31:03,-07:00,2026-04-03T21:31:03-07:00,2,5
contact/index.html,16,html,e70570ea,Zachary Louie,2026-04-03,21:31:03,-07:00,2026-04-03T21:31:03-07:00,3,4
contact/index.html,17,html,e70570ea,Zachary Louie,2026-04-03,21:31:03,-07:00,2026-04-03T21:31:03-07:00,3,56
contact/index.html,18,html,e70570ea,Zachary Louie,2026-04-03,21:31:03,-07:00,2026-04-03T21:31:03-07:00,2,6
contact/index.html,19,html,e70570ea,Zachary Louie,2026-04-03,21:31:03,-07:00,2026-04-03T21:31:03-07:00,2,5
contact/index.html,20,html,e70570ea,Zachary Louie,2026-04-03,21:31:03,-07:00,2026-04-03T21:31:03-07:00,3,6
contact/index.html,21,html,e70570ea,Zachary Louie,2026-04-03,21:31:03,-07:00,2026-04-03T21:31:03-07:00,3,41
contact/index.html,22,html,e70570ea,Zachary Louie,2026-04-03,21:31:03,-07:00,2026-04-03T21:31:03-07:00,2,6
contact/index.html,23,html,e70570ea,Zachary Louie,2026-04-03,21:31:03,-07:00,2026-04-03T21:31:03-07:00,2,5
contact/index.html,24,html,e70570ea,Zachary Louie,2026-04-03,21:31:03,-07:00,2026-04-03T21:31:03-07:00,3,6
contact/index.html,25,html,e70570ea,Zachary Louie,2026-04-03,21:31:03,-07:00,2026-04-03T21:31:03-07:00,3,43
contact/index.html,26,html,e70570ea,Zachary Louie,2026-04-03,21:31:03,-07:00,2026-04-03T21:31:03-07:00,2,6
contact/index.html,27,html,e70570ea,Zachary Louie,2026-04-03,21:31:03,-07:00,2026-04-03T21:31:03-07:00,2,19
contact/index.html,28,html,e70570ea,Zachary Louie,2026-04-03,21:31:03,-07:00,2026-04-03T21:31:03-07:00,1,5
contact/index.html,29,html,e70570ea,Zachary Louie,2026-04-03,21:31:03,-07:00,2026-04-03T21:31:03-07:00,0,0
contact/index.html,30,html,e70570ea,Zachary Louie,2026-04-03,21:31:03,-07:00,2026-04-03T21:31:03-07:00,0,5
contact/index.html,31,html,e70570ea,Zachary Louie,2026-04-03,21:31:03,-07:00,2026-04-03T21:31:03-07:00,0,5
